title,url,watched_on
CHILLERO'T SWABE - AWUT | OFFICIAL MUSIC VIDEO | DIR. GARY QUERUBIN,https://www.youtube.com/watch?v=VIJk2wKfV9A,"Sep 5, 2025, 2:25:04â€¯PM PST"
Terraria 1.4.4.9 download (credits: waxenwgamjng) #edit #shorts #youtubeshorts #terraria,https://www.youtube.com/watch?v=5qibkIUvays,"Aug 28, 2025, 1:54:19â€¯AM PST"
How to COMPLETE FROG UPDATE 99 Nights in the Forest,https://www.youtube.com/watch?v=xuPV04BS3cY,"Aug 23, 2025, 9:53:49â€¯AM PST"
[ROBLOX] Color or Die - Chapter 3 [Full Walkthrough],https://www.youtube.com/watch?v=GiZPF3hbI0E,"Jul 27, 2025, 7:31:01â€¯PM PST"
"Git, GitHub, & GitHub Desktop for beginners",https://www.youtube.com/watch?v=8Dd7KRpKeaE,"Jul 26, 2025, 2:55:00â€¯AM PST"
How to Use GitHub,https://www.youtube.com/watch?v=v_1iqtOnUMg,"Jul 26, 2025, 2:52:51â€¯AM PST"
How To Use GitHub For Beginners,https://www.youtube.com/watch?v=a9u2yZvsqHA,"Jul 26, 2025, 2:43:59â€¯AM PST"
Balisong,https://www.youtube.com/watch?v=z-j-sGJEQ-U,"Jul 9, 2025, 10:19:13â€¯AM PST"
Responsive Sidebar Menu in HTML CSS & JavaScript | Dark/Light Mode,https://www.youtube.com/watch?v=bFvfqUMjvsA,"Jun 25, 2025, 9:01:58â€¯AM PST"
Step-by-Step Guide to Building a Smooth and Stylish Sidebar in Windows Form using C#,https://www.youtube.com/watch?v=Ns0pBlbBZmE,"Jun 25, 2025, 9:00:53â€¯AM PST"
Responsive & Expandable Sidebar Menu,https://www.youtube.com/watch?v=qJbFpj73vzQ,"Jun 25, 2025, 9:00:20â€¯AM PST"
Sigma Boy [Lyrics] ~ Betsy & Maria Yankovskaya ğŸ¤ #lyrics #song,https://www.youtube.com/watch?v=Nn-vq1aLktg,"Jun 18, 2025, 12:16:13â€¯PM PST"
Tralalero Tralala Filipino Brainrot Version. Tralalero Tropa lang #brainrot #meme #funny,https://www.youtube.com/watch?v=9HXGuz6oLAk,"Jun 18, 2025, 11:47:21â€¯AM PST"
Free CCNA | Configuring Interfaces | Day 9 Lab | CCNA 200-301 Complete Course,https://www.youtube.com/watch?v=rzDb5DoBKRk,"Jun 18, 2025, 11:46:36â€¯AM PST"
Setup a Custom Domain in Netlify in 5 Minutes,https://www.youtube.com/watch?v=bY7Tkh9Vz8I,"Jun 2, 2025, 3:06:40â€¯PM PST"
Free CCNA | VLANs (Part 2) | Day 17 Lab | CCNA 200-301 Complete Course,https://www.youtube.com/watch?v=iRkFE_lpYgc,"May 14, 2025, 8:11:16â€¯AM PST"
"Asus ROG GL552VW - Full Disassembly, SSD support types, Cleaning tips",https://www.youtube.com/watch?v=hn9HotthuaM,"May 13, 2025, 8:27:09â€¯AM PST"
"If you're a lazy but ambitious student, please watch this video.",https://www.youtube.com/watch?v=G0VyJFJw6mY,"Apr 30, 2025, 12:44:20â€¯PM PST"
Sigma Boy [Lyrics] ~ Betsy & Maria Yankovskaya ğŸ¤ #lyrics #song,https://www.youtube.com/watch?v=Nn-vq1aLktg,"Apr 30, 2025, 12:33:16â€¯PM PST"
Calein - Umaasa (Official Lyric Video),https://www.youtube.com/watch?v=GX3X9PmQOHY,"Apr 30, 2025, 12:32:46â€¯PM PST"
Raining Tacos - Parry Gripp & BooneBum,https://www.youtube.com/watch?v=npjF032TDDQ,"Apr 30, 2025, 11:50:31â€¯AM PST"
Free CCNA | VLANs (Part 1) | Day 16 Lab | CCNA 200-301 Complete Course,https://www.youtube.com/watch?v=-tq7f3xtyLQ,"Apr 30, 2025, 11:48:12â€¯AM PST"
Kid screaming â€˜Idiotâ€™,https://www.youtube.com/watch?v=DVUvn9QRFoM,"Apr 20, 2025, 11:00:17â€¯PM PST"
When Your Friend is Good at Everything...,https://www.youtube.com/watch?v=57F_hV_KMJ8,"Mar 3, 2025, 2:58:34â€¯PM PST"
"""Chris:- stop trying to kiss me "" Sturniolo funny moment #sturniolotriplets #sturniolotripletsedit",https://www.youtube.com/watch?v=4oBRMUWFgPY,"Mar 3, 2025, 2:58:08â€¯PM PST"
She found this out in class ğŸ˜³ #shorts,https://www.youtube.com/watch?v=y4P5tNxVvcw,"Mar 3, 2025, 2:58:06â€¯PM PST"
Real,https://www.youtube.com/watch?v=p-mEAMt2U5c,"Mar 3, 2025, 2:57:57â€¯PM PST"
Like & subscribe!!,https://www.youtube.com/watch?v=octhLYkOd7c,"Mar 3, 2025, 2:57:52â€¯PM PST"
https://www.youtube.com/watch?v=Q-1UiI2MIw0,https://www.youtube.com/watch?v=Q-1UiI2MIw0,"Mar 3, 2025, 2:57:50â€¯PM PST"
My First Priority Upon Returning Home,https://www.youtube.com/watch?v=yX3QxvgbKL8,"Mar 3, 2025, 2:57:11â€¯PM PST"
Stack Ball 3d Crash Platform Slow Gameplay #shorts #stackball #stackball3d #gaming,https://www.youtube.com/watch?v=KljYzBfsqqI,"Mar 3, 2025, 2:57:10â€¯PM PST"
https://www.youtube.com/watch?v=JUZho0OOqDc,https://www.youtube.com/watch?v=JUZho0OOqDc,"Mar 3, 2025, 2:56:53â€¯PM PST"
https://www.youtube.com/watch?v=43o_zj1iFHc,https://www.youtube.com/watch?v=43o_zj1iFHc,"Mar 3, 2025, 2:56:41â€¯PM PST"
Ohh So you're the one who took all our jobs ğŸ˜‚ğŸ¤£,https://www.youtube.com/watch?v=2zXk0BQQEKA,"Mar 3, 2025, 2:56:31â€¯PM PST"
Tick tock,https://www.youtube.com/watch?v=u85VRWbY4lQ,"Mar 3, 2025, 2:56:05â€¯PM PST"
https://www.youtube.com/watch?v=z0nlrxMZj0s,https://www.youtube.com/watch?v=z0nlrxMZj0s,"Mar 3, 2025, 2:55:52â€¯PM PST"
When you meet Gojo's voice actor #kaijitang #gojosatoru #jjk #jujutsukaisen #anime #voiceactor,https://www.youtube.com/watch?v=aX-zv21Amv8,"Mar 3, 2025, 2:55:06â€¯PM PST"
"""Get a load of this guy"" ahh reaction ğŸ˜­",https://www.youtube.com/watch?v=ESBEIJcZInw,"Mar 3, 2025, 2:54:55â€¯PM PST"
so wholesome ğŸ’•ğŸ˜” || sturniolo triplets || {#edit #sturniolotripletsedit #sturniolo},https://www.youtube.com/watch?v=YYKZM_JnxsQ,"Mar 3, 2025, 2:54:33â€¯PM PST"
https://www.youtube.com/watch?v=tbwNCRkwZ70,https://www.youtube.com/watch?v=tbwNCRkwZ70,"Mar 3, 2025, 2:54:25â€¯PM PST"
https://www.youtube.com/watch?v=pQAUiAYQr_s,https://www.youtube.com/watch?v=pQAUiAYQr_s,"Mar 3, 2025, 2:53:31â€¯PM PST"
Bro Really Tried ğŸ˜­ğŸ˜­ğŸ˜­,https://www.youtube.com/watch?v=ENawkp22XIQ,"Mar 3, 2025, 2:52:58â€¯PM PST"
In honor of Black History Month ğŸ˜‚ğŸ˜‚ğŸ˜‚ #viralvideo #explore #fyp #funny,https://www.youtube.com/watch?v=4znQOX_Is6A,"Mar 3, 2025, 2:52:43â€¯PM PST"
https://www.youtube.com/watch?v=XYWyG9aVWyE,https://www.youtube.com/watch?v=XYWyG9aVWyE,"Mar 3, 2025, 2:52:32â€¯PM PST"
https://www.youtube.com/watch?v=ASUirC_Msjw,https://www.youtube.com/watch?v=ASUirC_Msjw,"Mar 3, 2025, 2:52:17â€¯PM PST"
Developers vs QA vs Clients #coding #qa #softwareengineering,https://www.youtube.com/watch?v=mN8DP2AeF-M,"Mar 3, 2025, 2:51:53â€¯PM PST"
We pack extra sunscreen for him on vacays ğŸ«¶ğŸ½ğŸ‘»â˜€ï¸,https://www.youtube.com/watch?v=2BB-VrxgdG4,"Mar 3, 2025, 2:51:27â€¯PM PST"
This Genius Invention Has People Divided â€“ Where Do You Stand? ğŸ§  #innovation #debate #genius,https://www.youtube.com/watch?v=2S1tsIp6gcY,"Mar 3, 2025, 2:51:19â€¯PM PST"
#marriagecentre,https://www.youtube.com/watch?v=-s-C_9--19s,"Mar 3, 2025, 2:51:17â€¯PM PST"
https://www.youtube.com/watch?v=4s74ptPnyl8,https://www.youtube.com/watch?v=4s74ptPnyl8,"Mar 3, 2025, 2:51:00â€¯PM PST"
#kalogerasisters #sundaykalogeras #demitrakalogeras #elianakalogeras,https://www.youtube.com/watch?v=SBW0HJZLcSU,"Mar 3, 2025, 2:50:44â€¯PM PST"
RoarğŸ¯ #ytshorts #couplecomedy #relationships #relatable,https://www.youtube.com/watch?v=3ZHZTmRRO6o,"Mar 3, 2025, 2:50:24â€¯PM PST"
"This Looks Normal, But Thereâ€™s a Hidden Secret! ğŸ‘€ Can You Find It? #opticalillusion #hiddenmessage",https://www.youtube.com/watch?v=jfoALsVadEs,"Mar 3, 2025, 2:49:57â€¯PM PST"
https://www.youtube.com/watch?v=sZ680KGivsM,https://www.youtube.com/watch?v=sZ680KGivsM,"Mar 3, 2025, 2:49:46â€¯PM PST"
WIFI CONNECTED part 1. #viralvideo #youtube #hills #cars  #viralvideo,https://www.youtube.com/watch?v=uZfQuyCZlkQ,"Mar 3, 2025, 2:49:37â€¯PM PST"
Summer in Japan Be Like...,https://www.youtube.com/watch?v=1V3g4gSDQvM,"Mar 3, 2025, 2:49:12â€¯PM PST"
|| ãƒ†ãƒ¬ãƒ‘ã‚· || TelepathyÂ || DECO*27 Dance || Ib: @y3llowx || #dandysworld  #alightmotion #notog#ëŒ„ë””ì˜ì„¸ê³„,https://www.youtube.com/watch?v=8RCL4zoslr4,"Mar 3, 2025, 2:49:06â€¯PM PST"
If Grim Reaper is truly this gentle i think i will no longer fear it in the futureğŸ’€â¤ï¸#americangods,https://www.youtube.com/watch?v=w5frtPfkabE,"Mar 3, 2025, 2:48:10â€¯PM PST"
Ranking The Best Tiktok Stiches,https://www.youtube.com/watch?v=x6YrBsewkwE,"Mar 3, 2025, 2:47:07â€¯PM PST"
Bro has perfect aim:,https://www.youtube.com/watch?v=IK_ijlVe4jA,"Mar 3, 2025, 2:46:57â€¯PM PST"
https://www.youtube.com/watch?v=UAIUbs5YW0I,https://www.youtube.com/watch?v=UAIUbs5YW0I,"Mar 3, 2025, 2:46:36â€¯PM PST"
I protected Miku from behind. #beatsaber #custommaps #beatseizure #dancing #telepathy,https://www.youtube.com/watch?v=UmbLBI7P794,"Mar 3, 2025, 2:46:29â€¯PM PST"
His hidden talentâ€¦ just found this old draftğŸ•º #balletdancer #ballet #dancer,https://www.youtube.com/watch?v=kMI304meTCQ,"Mar 3, 2025, 2:46:17â€¯PM PST"
Hungry cat in Ohio,https://www.youtube.com/watch?v=5NA7-qr9NcM,"Mar 3, 2025, 2:45:20â€¯PM PST"
#marriagecentre,https://www.youtube.com/watch?v=44XamSzxjf0,"Mar 3, 2025, 2:45:08â€¯PM PST"
When a friend you meet again suddenly grows a moustache#viralvideos #shorts,https://www.youtube.com/watch?v=8TNhlAcThAc,"Mar 3, 2025, 2:44:09â€¯PM PST"
Is Graffiti Art ? #shorts,https://www.youtube.com/watch?v=1MLKLfIcFDQ,"Mar 3, 2025, 2:43:34â€¯PM PST"
I meet some of the nicest people whenever Iâ€™m out painting in the streets ğŸ™Œ,https://www.youtube.com/watch?v=5_0nyFcUsuU,"Mar 3, 2025, 2:42:57â€¯PM PST"
Red-black trees in 6 minutes â€” Delete Fixes,https://www.youtube.com/watch?v=iw8N1_keEWA,"Mar 3, 2025, 1:33:21â€¯PM PST"
Red-black trees: Samuel's tutorial,https://www.youtube.com/watch?v=t-oiZnplv7g,"Mar 3, 2025, 1:30:09â€¯PM PST"
Red-black trees in 8 minutes â€” Deletions,https://www.youtube.com/watch?v=lU99loSvD8s,"Mar 3, 2025, 12:59:24â€¯AM PST"
Red-black trees in 5 minutes â€” Insertions (strategy),https://www.youtube.com/watch?v=5IBxA-bZZH8,"Mar 3, 2025, 12:59:15â€¯AM PST"
Red-black tree deletion: steps + 10 examples,https://www.youtube.com/watch?v=eoQpRtMpA9I,"Mar 3, 2025, 12:29:05â€¯AM PST"
The modern #math menace,https://www.youtube.com/watch?v=bco9mR5Opx4,"Mar 3, 2025, 12:28:24â€¯AM PST"
Be Lazy,https://www.youtube.com/watch?v=m6ltzaOpPl8,"Mar 3, 2025, 12:27:37â€¯AM PST"
Red-black trees in 8 minutes â€” Deletions,https://www.youtube.com/watch?v=lU99loSvD8s,"Mar 2, 2025, 11:54:02â€¯PM PST"
Red-black trees: Samuel's tutorial,https://www.youtube.com/watch?v=t-oiZnplv7g,"Mar 2, 2025, 3:48:52â€¯PM PST"
Travis Scott - I KNOW ? (Lyrics),https://www.youtube.com/watch?v=_SDvB8o1Viw,"Feb 27, 2025, 1:03:57â€¯AM PST"
"Incredible Budget Home Server! (Minecraft, Plex, Home Assistant, NAS)",https://www.youtube.com/watch?v=72D3MvPk3Xs,"Feb 24, 2025, 10:53:19â€¯PM PST"
Building a $100 Minecraft Server! (2025),https://www.youtube.com/watch?v=ceYeDX5WTms,"Feb 24, 2025, 10:51:12â€¯PM PST"
Childish Gambino- Sober Lyrics,https://www.youtube.com/watch?v=xLOiNuWmwPA,"Feb 17, 2025, 12:46:08â€¯PM PST"
Chris Brown & Young Thug - City Girls (Lyrics),https://www.youtube.com/watch?v=GtBcL3fjk2E,"Feb 17, 2025, 12:38:23â€¯PM PST"
Red-black trees: Samuel's tutorial,https://www.youtube.com/watch?v=t-oiZnplv7g,"Feb 16, 2025, 9:32:59â€¯PM PST"
Red-black trees in 8 minutes â€” Deletions,https://www.youtube.com/watch?v=lU99loSvD8s,"Feb 16, 2025, 5:04:41â€¯PM PST"
Red-Black Trees - Data Structures,https://www.youtube.com/watch?v=ZxCvM-9BaXE,"Feb 16, 2025, 4:57:46â€¯PM PST"
Red-black trees in 5 minutes â€” Insertions (strategy),https://www.youtube.com/watch?v=5IBxA-bZZH8,"Feb 16, 2025, 4:55:20â€¯PM PST"
Red-black trees in 3 minutes â€” Rotations,https://www.youtube.com/watch?v=95s3ndZRGbk,"Feb 16, 2025, 4:46:25â€¯PM PST"
Red-black trees in 4 minutes â€” Intro,https://www.youtube.com/watch?v=qvZGUFHWChY,"Feb 16, 2025, 4:36:00â€¯PM PST"
Red-black trees in 5 minutes â€” Insertions (examples),https://www.youtube.com/watch?v=A3JZinzkMpk,"Feb 16, 2025, 4:35:49â€¯PM PST"
Coding Interviews Be Like,https://www.youtube.com/watch?v=kVgy1GSDHG8,"Feb 16, 2025, 4:28:18â€¯PM PST"
Software engineer interns on their first day be like...,https://www.youtube.com/watch?v=YZ5tOe7y9x4,"Feb 16, 2025, 4:26:13â€¯PM PST"
What Falling in Love Does to You,https://www.youtube.com/watch?v=KmgRBiRMmAU,"Feb 16, 2025, 2:58:42â€¯PM PST"
Itâ€™s literally perfect ğŸ«  #coding #java #programmer #computer #python,https://www.youtube.com/watch?v=390Pc6_fdeg,"Feb 16, 2025, 2:56:34â€¯PM PST"
J.Cole - No Role Modelz (Lyrics),https://www.youtube.com/watch?v=yNk8OoBpQMI,"Feb 4, 2025, 4:30:07â€¯PM PST"
J. Cole  - No Role Modelz (Music Video),https://www.youtube.com/watch?v=nSERqaFagJc,"Feb 4, 2025, 4:29:42â€¯PM PST"
"J. Cole ""No Role Models""  - choreo by Kesh Kesh",https://www.youtube.com/watch?v=DEGsiVRGVmQ,"Feb 4, 2025, 4:29:19â€¯PM PST"
No Role Modelz,https://www.youtube.com/watch?v=0EnRK5YvBwU,"Feb 4, 2025, 4:29:03â€¯PM PST"
Don Toliver - No Pole [Official Visualizer],https://www.youtube.com/watch?v=fCeiUX59_FM,"Feb 4, 2025, 4:26:28â€¯PM PST"
All I ever wanted from a yoghurt was to know who the cows are,https://www.youtube.com/watch?v=6DvY1lmCIgY,"Feb 3, 2025, 2:46:46â€¯PM PST"
Waiting for 9:15 ğŸ’€,https://www.youtube.com/watch?v=FEJIfXo0hvY,"Feb 3, 2025, 1:50:46â€¯PM PST"
https://www.youtube.com/watch?v=0da5lJQUFQM,https://www.youtube.com/watch?v=0da5lJQUFQM,"Feb 3, 2025, 1:50:43â€¯PM PST"
the biggest jacket #outfits #oufitideas #fashion #outfoutfits,https://www.youtube.com/watch?v=9J4WW4HGA5k,"Feb 3, 2025, 1:50:25â€¯PM PST"
Architecture lol,https://www.youtube.com/watch?v=SwSFAMZJxes,"Feb 3, 2025, 1:50:20â€¯PM PST"
So true | How to pay your credit card bill. #memes #creditcardbillpayment,https://www.youtube.com/watch?v=nRhWyG1U2_8,"Feb 3, 2025, 1:50:02â€¯PM PST"
Humor about a programmer dad #fy #fyp #tech #techtok #soft #software #code #it #technology,https://www.youtube.com/watch?v=4iLB_STawdI,"Feb 3, 2025, 1:49:36â€¯PM PST"
Is This Being Insecure Or Respecting Yourself?,https://www.youtube.com/watch?v=1Me2w3VsqmA,"Feb 3, 2025, 1:49:10â€¯PM PST"
I miss this era,https://www.youtube.com/watch?v=xOAOE1a3ous,"Feb 3, 2025, 1:48:54â€¯PM PST"
Memes #meme #funny,https://www.youtube.com/watch?v=odKvc8TWF3I,"Feb 3, 2025, 1:48:36â€¯PM PST"
Real #bodybuilding #gymtok #fitness,https://www.youtube.com/watch?v=TbxeGyFiMV8,"Feb 3, 2025, 1:48:26â€¯PM PST"
What a coincidenceğŸ˜±ğŸ˜±ğŸ˜± #shorts #fyp,https://www.youtube.com/watch?v=rTD0RmiYbVU,"Feb 3, 2025, 1:48:02â€¯PM PST"
#youtubeshorts #reliable #funnyimages #justmemes,https://www.youtube.com/watch?v=ZG4oo1wfINw,"Feb 3, 2025, 1:47:56â€¯PM PST"
Someone come get rush grandma!,https://www.youtube.com/watch?v=IAW6nHUsM_E,"Feb 3, 2025, 1:47:46â€¯PM PST"
â€œHi this is Micropostâ€ ğŸ˜¦,https://www.youtube.com/watch?v=YY41xHa3ZLM,"Feb 3, 2025, 1:47:35â€¯PM PST"
Tryna SHOW OFF ğŸ˜‚ #viralvideo #funny #fail,https://www.youtube.com/watch?v=oXitQEnymLA,"Feb 3, 2025, 1:47:27â€¯PM PST"
It's all about the angle ğŸ˜‚,https://www.youtube.com/watch?v=FKph6kt-Hc8,"Feb 3, 2025, 1:47:21â€¯PM PST"
Sound found my lost debit card and is trying to have a really fun day with it,https://www.youtube.com/watch?v=-OVlq-p2mZ8,"Feb 3, 2025, 1:47:06â€¯PM PST"
Only I get to bully my sister ğŸ˜¤,https://www.youtube.com/watch?v=LdaWgbHPBMs,"Feb 3, 2025, 1:46:53â€¯PM PST"
I Think They Unbanned Tik Tok ğŸ¤£ #shorts,https://www.youtube.com/watch?v=SdaYNzyqQcs,"Feb 3, 2025, 1:46:39â€¯PM PST"
Most canon Hakari interaction ğŸ¤£ #jjk #jujutsukaisen #anime #jujutsukaisenanime,https://www.youtube.com/watch?v=oT5yAM34uV0,"Feb 3, 2025, 1:46:08â€¯PM PST"
Difference Between Poor And Rich ğŸ¤‘ People â˜ï¸,https://www.youtube.com/watch?v=oTxhl9iD9C8,"Feb 3, 2025, 1:45:52â€¯PM PST"
going to eat fam ğŸ’€ğŸ¤£ #trending #memes #shorts #funny #ytshorts,https://www.youtube.com/watch?v=RilhuGriExQ,"Feb 3, 2025, 1:45:36â€¯PM PST"
From the street janas party is way more interesting,https://www.youtube.com/watch?v=ABkD7Wx_48Q,"Feb 3, 2025, 1:45:26â€¯PM PST"
Gender-neutral abuse awareness? Good,https://www.youtube.com/watch?v=xk87BaZBCo8,"Feb 3, 2025, 1:45:09â€¯PM PST"
We are in this together #kindness,https://www.youtube.com/watch?v=GX9tx9Plig4,"Feb 3, 2025, 1:44:58â€¯PM PST"
This is how I go home ğŸ¤£ğŸ˜‚,https://www.youtube.com/watch?v=Qj_tSUrzpgI,"Feb 3, 2025, 1:44:53â€¯PM PST"
Bill Gates Mugshot Was Used For The Default Microsoft Profile Picture. (Doggo),https://www.youtube.com/watch?v=_Rek2eM6uKM,"Feb 3, 2025, 1:44:44â€¯PM PST"
How to get the gold press,https://www.youtube.com/watch?v=XPccXgz1Czk,"Feb 3, 2025, 1:44:18â€¯PM PST"
SÃ­gueme para mÃ¡s defensas personales,https://www.youtube.com/watch?v=HW_aG7OPEro,"Feb 3, 2025, 1:44:01â€¯PM PST"
#fy #fyp #tech #techtok #soft #software #code #it #technology,https://www.youtube.com/watch?v=ljgy5gf9fMA,"Feb 3, 2025, 1:43:34â€¯PM PST"
Book Shrek is 50% More Chaotic Than Movie Shrek. (grandpa),https://www.youtube.com/watch?v=YD7CXcUu-xA,"Feb 3, 2025, 1:43:12â€¯PM PST"
This coffee is called Singles special ğŸ¤£ğŸ˜‚,https://www.youtube.com/watch?v=UwY1s9oiXz8,"Feb 3, 2025, 1:43:04â€¯PM PST"
Types of blind people #shorts,https://www.youtube.com/watch?v=lAnX73IAgjc,"Feb 3, 2025, 1:42:29â€¯PM PST"
Bruhâ€¦  || @OllysTV,https://www.youtube.com/watch?v=-9WCOEqRgnw,"Feb 3, 2025, 1:42:22â€¯PM PST"
Girls can't stop my gaming life ğŸ˜‚ğŸ¤£,https://www.youtube.com/watch?v=a42qJdZka0M,"Feb 3, 2025, 1:42:08â€¯PM PST"
Runç”°æ·µRun #æ¾æœ¬èœå¥ˆå®Ÿ #ç”°æ·µæ­£æµ© #fms_plus,https://www.youtube.com/watch?v=cjOYzVUhwnI,"Feb 3, 2025, 1:41:41â€¯PM PST"
Hillary Clinton cackling at Trump changing the name of the Gulf of Mexico healed something in me. ï¿¼,https://www.youtube.com/watch?v=ZQFc01MELrU,"Feb 3, 2025, 1:41:20â€¯PM PST"
BLOOPERS ğŸ˜‚ğŸ˜‚ğŸ˜‚ @MaxGoodrich @devonrodriguezart1 @fabiola.baglieri #bloopers,https://www.youtube.com/watch?v=Dss7Phnsklc,"Feb 3, 2025, 1:40:36â€¯PM PST"
I Was Worried For Nothing ğŸ˜­,https://www.youtube.com/watch?v=KmBJg7h9gqA,"Feb 3, 2025, 1:40:28â€¯PM PST"
https://www.youtube.com/watch?v=yCauwJJkzRw,https://www.youtube.com/watch?v=yCauwJJkzRw,"Feb 3, 2025, 1:40:20â€¯PM PST"
I love Twinkies. I love Zingers,https://www.youtube.com/watch?v=WFMkevUsysQ,"Feb 3, 2025, 1:40:08â€¯PM PST"
Best uncle ever ğŸ—¿,https://www.youtube.com/watch?v=mGBgFh3DAqY,"Feb 3, 2025, 1:39:59â€¯PM PST"
Real #entrepreneur #onlinebusiness #ecommerce #dropshipping #marketing #business #ecom,https://www.youtube.com/watch?v=4xNesW_VN-I,"Feb 3, 2025, 1:39:35â€¯PM PST"
Bro is a certified kill stealer ğŸ’€#meme #memes #anime #animememes #alternative #rock #music #shorts,https://www.youtube.com/watch?v=mRPYzaw5Ou8,"Feb 3, 2025, 1:39:23â€¯PM PST"
No MOQğŸ‘ #ledÂ #ledlightsÂ #ledsignsÂ #lolÂ #tony #sign #ledlights #ledsign #funny #usa #fyp #lcsign,https://www.youtube.com/watch?v=7lSsAwhu_zU,"Feb 3, 2025, 1:39:20â€¯PM PST"
https://www.youtube.com/watch?v=HQftdBwWTAk,https://www.youtube.com/watch?v=HQftdBwWTAk,"Feb 3, 2025, 1:39:08â€¯PM PST"
This is crazy ğŸ˜­ #shortvideo #foryou #shorts #fyp #viralvideo #courtroomdrama #court #foryoupage,https://www.youtube.com/watch?v=TnSuFnIRMxw,"Feb 3, 2025, 1:38:59â€¯PM PST"
"Teacher said ""Draw your best friend's face ğŸ˜‚ğŸ¤£",https://www.youtube.com/watch?v=lmpeW7yZotU,"Feb 3, 2025, 1:38:49â€¯PM PST"
It turns out that the way to recognize black people is to measure their heads.#viralvideos #shorts,https://www.youtube.com/watch?v=QhT_tz-OJi4,"Feb 3, 2025, 1:37:52â€¯PM PST"
Japanese logicâ€¦     #learnjapanese #japaneseculture,https://www.youtube.com/watch?v=AT9NRCRXSl0,"Feb 3, 2025, 1:37:23â€¯PM PST"
#marriagecentre,https://www.youtube.com/watch?v=iY5An8Kh7AI,"Feb 3, 2025, 1:37:03â€¯PM PST"
Why going ignore what really happened?? || cc: carcrew world | @OllysTV,https://www.youtube.com/watch?v=qqzx6yzYRBY,"Feb 3, 2025, 1:36:53â€¯PM PST"
Apple vs samsung camera test #apple #samsung just for fun #views #trending,https://www.youtube.com/watch?v=R0SJSr6cyvY,"Feb 3, 2025, 1:36:31â€¯PM PST"
Player 456 Forced To Become VIP,https://www.youtube.com/watch?v=TvKKHXd5gTw,"Feb 3, 2025, 1:36:23â€¯PM PST"
#marriageproposals â˜ ï¸,https://www.youtube.com/watch?v=3rK1TKOdx2M,"Feb 3, 2025, 1:36:07â€¯PM PST"
Just one spark ğŸ’€,https://www.youtube.com/watch?v=hOv0O_JEAKU,"Feb 3, 2025, 1:35:59â€¯PM PST"
She was the luckiest mother everğŸ‘€â¤#meme #mother #love,https://www.youtube.com/watch?v=-7uasN9pzTc,"Feb 3, 2025, 1:35:52â€¯PM PST"
What is the best combination of CPU and GPU? comment  @TechLegionTV #bestgpu #geforce  #nvidia,https://www.youtube.com/watch?v=PQfD4xQAnyY,"Feb 3, 2025, 1:35:24â€¯PM PST"
NEVER grapple in the streets. #bjj #safety #fighting,https://www.youtube.com/watch?v=vZXXuyHQNX0,"Feb 3, 2025, 1:35:04â€¯PM PST"
#marriageproposals ğŸ’€,https://www.youtube.com/watch?v=t_NifI39z10,"Feb 3, 2025, 11:39:42â€¯AM PST"
Tony Gives Motivation Talk,https://www.youtube.com/watch?v=2JTX9rZ3Txk,"Feb 3, 2025, 11:39:27â€¯AM PST"
Life saving attachment for police,https://www.youtube.com/watch?v=eDYqBACSL_Q,"Feb 3, 2025, 11:39:24â€¯AM PST"
https://www.youtube.com/watch?v=BwH-vyZEzXM,https://www.youtube.com/watch?v=BwH-vyZEzXM,"Feb 3, 2025, 11:39:17â€¯AM PST"
https://www.youtube.com/watch?v=a391ICbRnLw,https://www.youtube.com/watch?v=a391ICbRnLw,"Feb 3, 2025, 11:38:15â€¯AM PST"
Inside The Beast ğŸ˜,https://www.youtube.com/watch?v=vZ8QFbcE4Ps,"Feb 3, 2025, 11:38:13â€¯AM PST"
Invention of glass...,https://www.youtube.com/watch?v=-ogl5pAwW_U,"Feb 3, 2025, 11:38:06â€¯AM PST"
Blender Noob vs Pro Modeling a Pawn #blendertutorial #blenderforbegginer #blender #3d #tutorial,https://www.youtube.com/watch?v=FOwr_Z47IOo,"Feb 3, 2025, 11:38:04â€¯AM PST"
https://www.youtube.com/watch?v=Rwud_h6dZg4,https://www.youtube.com/watch?v=Rwud_h6dZg4,"Feb 3, 2025, 11:38:02â€¯AM PST"
Check it out!!!âœ¨ğŸ˜#neonÂ #neonlightsÂ #neonsignageÂ #ledlightsÂ #ledÂ #lcsign,https://www.youtube.com/watch?v=t7e0yoRUxq8,"Feb 3, 2025, 11:36:19â€¯AM PST"
Part 18 - How to use DataTables in PHP | How to make pagination & search box in php using DataTables,https://www.youtube.com/watch?v=2Qf7BW_8KpM,"Feb 2, 2025, 9:36:47â€¯PM PST"
Patch 6.0 Wild Pass - Wild Rift,https://www.youtube.com/watch?v=Y0ykfEOOWx8,"Jan 4, 2025, 7:47:09â€¯AM PST"
George Michael - Careless Whisper (Lyric Video),https://www.youtube.com/watch?v=1m6en0SQNFs,"Nov 23, 2024, 12:06:02â€¯AM PST"
George Michael - Careless Whisper (Official Video),https://www.youtube.com/watch?v=izGwDsrQ1eQ,"Nov 23, 2024, 12:05:38â€¯AM PST"
Create GUI Application in NetBeans I Java drag and drop GUI Project,https://www.youtube.com/watch?v=xv19Mq-2QTo,"Nov 22, 2024, 3:55:33â€¯PM PST"
Heinz Dilemma,https://www.youtube.com/watch?v=lX0oO8wmsiU,"Oct 30, 2024, 6:38:46â€¯PM PST"
5 Coding Projects That Give You An UNFAIR Advantage,https://www.youtube.com/watch?v=V1hjSeSF4xg,"Oct 25, 2024, 9:25:31â€¯PM PST"
Friends on the Other Side | Princess and the Frog (HDR),https://www.youtube.com/watch?v=k7Il8L0O1AQ,"Oct 25, 2024, 9:24:54â€¯PM PST"
Original Rescue Team Compilation | Vehicles Cartoon for Kids | Tayo Episodes | Tayo the Little Bus,https://www.youtube.com/watch?v=8tptQiJz07k,"Oct 25, 2024, 9:23:46â€¯PM PST"
Why is it so hard to escape poverty? - Ann-HelÃ©n Bay,https://www.youtube.com/watch?v=D9N7QaIOkG8,"Oct 25, 2024, 9:21:52â€¯PM PST"
21 Programming Project Ideas (Beginner to Advanced),https://www.youtube.com/watch?v=FCNg8KyMmGI,"Oct 22, 2024, 2:37:43â€¯AM PST"
5 Best Web Development Project Ideas: Top Frontend Projects for Final Year in 2024,https://www.youtube.com/watch?v=R2lwAW7jNBQ,"Oct 22, 2024, 2:37:08â€¯AM PST"
How to Create CUSTOM RGB COLORS in Java,https://www.youtube.com/watch?v=Vb3mSgTBc7M,"Oct 19, 2024, 7:39:13â€¯PM PST"
Java UI Design - Dashboard ( Part 1 ),https://www.youtube.com/watch?v=nPFmxtRfhZk,"Oct 19, 2024, 7:38:05â€¯PM PST"
Java Swing UI Design - School Management Dashboard,https://www.youtube.com/watch?v=iDFXNtFwiUA,"Oct 19, 2024, 7:37:31â€¯PM PST"
Java Swing - Pie Chart with MySQL Database,https://www.youtube.com/watch?v=keUbv26ReeE,"Oct 19, 2024, 7:37:06â€¯PM PST"
#35.1 Java Swing Tutorial | JTable in Java part 1 | create a table using DefaultTableModel,https://www.youtube.com/watch?v=skryksKiIK0,"Oct 19, 2024, 7:17:48â€¯PM PST"
Java 2D arrays ğŸšš,https://www.youtube.com/watch?v=alwukGslBG8,"Oct 19, 2024, 7:10:13â€¯PM PST"
Array of Objects Java Tutorial #73,https://www.youtube.com/watch?v=1hUUsuDfmSw,"Oct 19, 2024, 7:08:51â€¯PM PST"
Java Swing JTable Demo,https://www.youtube.com/watch?v=S6evF1T_lrU,"Oct 19, 2024, 7:03:21â€¯PM PST"
JTable in JAVA Swing | Delete Selected Row From JTable,https://www.youtube.com/watch?v=OsgX1grOJZA,"Oct 19, 2024, 7:01:07â€¯PM PST"
Java HashMap ğŸ—ºï¸,https://www.youtube.com/watch?v=0dR-YAFFg6I,"Oct 19, 2024, 4:53:57â€¯PM PST"
HashMap Java Tutorial #50,https://www.youtube.com/watch?v=70qy6_gw1Hc,"Oct 19, 2024, 4:27:07â€¯PM PST"
HashMap Java Tutorial #50,https://www.youtube.com/watch?v=70qy6_gw1Hc,"Oct 18, 2024, 6:14:01â€¯PM PST"
How to Set Up Java Development in Visual Studio Code on Windows | vsCode Java Development Basics,https://www.youtube.com/watch?v=ClU9N4ub_Ko,"Oct 14, 2024, 1:36:08â€¯AM PST"
Classical Music for When Youâ€™re on a Deadline,https://www.youtube.com/watch?v=dwY7w0k3j2Y,"Sep 24, 2024, 3:21:34â€¯PM PST"
How to Design a Website Landing Page | HTML and CSS Tutorial for Beginners,https://www.youtube.com/watch?v=hqS28BpESnk,"Aug 16, 2024, 7:05:47â€¯PM PST"
CSS in 100 Seconds,https://www.youtube.com/watch?v=OEV8gMkCHXQ,"Aug 16, 2024, 7:04:29â€¯PM PST"
Making a Game in JavaScript with No Experience,https://www.youtube.com/watch?v=r9I4DuGmJ2Y,"Aug 12, 2024, 3:06:42â€¯AM PST"
Friends on the Other Side | Princess and the Frog (HDR),https://www.youtube.com/watch?v=k7Il8L0O1AQ,"Aug 11, 2024, 8:31:56â€¯PM PST"
Add image on C++ Output Console | graphics.h in C++ | Code4xU,https://www.youtube.com/watch?v=7e9aXckYjSI,"Aug 11, 2024, 4:21:08â€¯PM PST"
NOKNOKAN NG SARAP SA MAGGIÂ® MAGIC CHICKEN CUBE!,https://www.youtube.com/watch?v=c2107GiWzLg,"Jun 29, 2024, 7:02:48â€¯PM PST"
LISA - ROCKSTAR (Official Music Video),https://www.youtube.com/watch?v=hbcGx4MGUMg,"Jun 28, 2024, 11:11:48â€¯PM PST"
Learn Web Design For Beginners - Full Course,https://www.youtube.com/watch?v=j6Ule7GXaRs,"Jun 28, 2024, 9:42:50â€¯PM PST"
Shop at Temu,https://www.youtube.com/watch?v=BOoXa7gP-nw,"Jun 28, 2024, 9:36:57â€¯PM PST"
Yet Another ULTIMATE Programming Languages Tier List (2024),https://www.youtube.com/watch?v=AQccsZpEgYY,"Jun 27, 2024, 10:03:22â€¯PM PST"
Download Lazada App -200030012628354,https://www.youtube.com/watch?v=BKSwVbOl56k,"Jun 27, 2024, 10:02:57â€¯PM PST"
Programming Language Tier List,https://www.youtube.com/watch?v=W5Il_Q2iEYQ,"Jun 26, 2024, 11:26:17â€¯PM PST"
The Programming Language Guide,https://www.youtube.com/watch?v=2lVDktWK-pc,"Jun 26, 2024, 11:24:42â€¯PM PST"
Programming vs Coding - What's the difference?,https://www.youtube.com/watch?v=CIRGjwYgdT4,"Jun 26, 2024, 11:20:32â€¯PM PST"
Coding vs Programming | What Is The Difference Between Coding And Programming? | Simplilearn,https://www.youtube.com/watch?v=AZ0ja83nMVc,"Jun 26, 2024, 11:19:33â€¯PM PST"
